<?xml version="1.0" encoding="utf-8"?>
<odoo>
    <data noupdate="1">
        <record id="contact1" model="contact.type">
            <field name="name">Normal</field>
            <field name="nik">Normal</field>
        </record>

        <record forcecreate="True" id="contact2" model="contact.type">
            <field name="name">Proofing Contact</field>
            <field name="nik">Proofing</field>
        </record>

        <record forcecreate="True" id="contact3" model="contact.type">
            <field name="name">Reporting Contact</field>
            <field name="nik">Reporting</field>
        </record>
    </data>
</odoo>
